ZipCode,FY11Total,FY13Total,Chge11num,PChg2011,Chg2011,PChg2011
62086,$545 ,$0 ,-545,-100,-$545.00,-100.00%
60001,"$1,325 ",$0 ,-1325,-100,"-$1,325.00",-100.00%
61845,"$9,282 ",$0 ,-9282,-100,"-$9,282.00",-100.00%
61516,"$11,570 ",$0 ,-11570,-100,"-$11,570.00",-100.00%
62378,"$12,061 ",$0 ,-12061,-100,"-$12,061.00",-100.00%
60147,"$29,939 ",$0 ,-29939,-100,"-$29,939.00",-100.00%
61001,"$89,702 ",$0 ,-89702,-100,"-$89,702.00",-100.00%
62097,"$104,826 ",$0 ,-104826,-100,"-$104,826.00",-100.00%
62915,"$81,723 ","$7,259 ",-74464,-91.1,"-$74,464.00",-91.10%
61862,"$43,035 ","$8,163 ",-34872,-81,"-$34,872.00",-81.00%
62058,"$209,028 ","$45,594 ",-163434,-78.2,"-$163,434.00",-78.20%
62018,"$392,546 ","$230,560 ",-161986,-41.3,"-$161,986.00",-41.30%
60422,"$807,298 ","$509,165 ",-298133,-36.9,"-$298,133.00",-36.90%
61450,"$195,508 ","$126,121 ",-69387,-35.5,"-$69,387.00",-35.50%
62204,"$1,404,217 ","$917,681 ",-486536,-34.6,"-$486,536.00",-34.60%
61929,"$102,432 ","$70,235 ",-32197,-31.4,"-$32,197.00",-31.40%
61368,"$133,805 ","$92,432 ",-41373,-30.9,"-$41,373.00",-30.90%
62942,"$113,103 ","$79,576 ",-33527,-29.6,"-$33,527.00",-29.60%
61284,"$60,374 ","$43,748 ",-16626,-27.5,"-$16,626.00",-27.50%
61030,"$320,753 ","$232,579 ",-88174,-27.5,"-$88,174.00",-27.50%
62979,"$305,428 ","$227,693 ",-77735,-25.5,"-$77,735.00",-25.50%
62284,"$143,052 ","$110,045 ",-33007,-23.1,"-$33,007.00",-23.10%
60959,"$159,301 ","$124,572 ",-34729,-21.8,"-$34,729.00",-21.80%
61480,"$93,202 ","$73,789 ",-19413,-20.8,"-$19,413.00",-20.80%
60966,"$254,352 ","$207,834 ",-46518,-18.3,"-$46,518.00",-18.30%
62282,"$232,647 ","$191,208 ",-41439,-17.8,"-$41,439.00",-17.80%
60203,"$1,101,939 ","$926,247 ",-175692,-15.9,"-$175,692.00",-15.90%
61047,"$123,099 ","$104,830 ",-18269,-14.8,"-$18,269.00",-14.80%
62060,"$2,455,491 ","$2,112,159 ",-343332,-14,"-$343,332.00",-14.00%
62201,"$5,682,633 ","$5,029,741 ",-652892,-11.5,"-$652,892.00",-11.50%
62093,"$101,534 ","$90,171 ",-11363,-11.2,"-$11,363.00",-11.20%
61016,"$1,608,266 ","$1,432,752 ",-175514,-10.9,"-$175,514.00",-10.90%
62960,"$1,292,058 ","$1,159,421 ",-132637,-10.3,"-$132,637.00",-10.30%
62292,"$153,360 ","$138,816 ",-14544,-9.5,"-$14,544.00",-9.50%
61865,"$196,971 ","$178,791 ",-18180,-9.2,"-$18,180.00",-9.20%
62611,"$112,430 ","$102,317 ",-10113,-9,"-$10,113.00",-9.00%
61843,"$434,248 ","$395,028 ",-39220,-9,"-$39,220.00",-9.00%
62264,"$332,370 ","$307,639 ",-24731,-7.4,"-$24,731.00",-7.40%
62995,"$585,792 ","$546,714 ",-39078,-6.7,"-$39,078.00",-6.70%
60615,"$7,593,245 ","$7,101,474 ",-491771,-6.5,"-$491,771.00",-6.50%
61260,"$129,669 ","$121,760 ",-7909,-6.1,"-$7,909.00",-6.10%
60636,"$17,176,754 ","$16,172,310 ",-1004444,-5.8,"-$1,004,444.00",-5.80%
60651,"$21,601,586 ","$20,494,603 ",-1106983,-5.1,"-$1,106,983.00",-5.10%
60948,"$252,758 ","$242,251 ",-10507,-4.2,"-$10,507.00",-4.20%
62442,"$160,114 ","$153,540 ",-6574,-4.1,"-$6,574.00",-4.10%
62988,"$160,345 ","$154,514 ",-5831,-3.6,"-$5,831.00",-3.60%
60624,"$11,605,334 ","$11,192,213 ",-413121,-3.6,"-$413,121.00",-3.60%
60653,"$7,051,836 ","$6,814,081 ",-237755,-3.4,"-$237,755.00",-3.40%
60604,"$6,316,901 ","$6,132,008 ",-184893,-2.9,"-$184,893.00",-2.90%
62534,"$161,087 ","$156,499 ",-4588,-2.8,"-$4,588.00",-2.80%
62232,"$2,011,627 ","$1,956,076 ",-55551,-2.8,"-$55,551.00",-2.80%
62286,"$862,416 ","$839,173 ",-23243,-2.7,"-$23,243.00",-2.70%
60621,"$10,847,287 ","$10,562,845 ",-284442,-2.6,"-$284,442.00",-2.60%
61953,"$1,067,480 ","$1,040,447 ",-27033,-2.5,"-$27,033.00",-2.50%
60945,"$42,661 ","$41,701 ",-960,-2.3,-$960.00,-2.30%
62621,"$193,048 ","$188,822 ",-4226,-2.2,"-$4,226.00",-2.20%
62320,"$294,452 ","$288,525 ",-5927,-2,"-$5,927.00",-2.00%
62476,"$128,226 ","$126,003 ",-2223,-1.7,"-$2,223.00",-1.70%
62243,"$1,019,478 ","$1,004,013 ",-15465,-1.5,"-$15,465.00",-1.50%
62312,"$448,182 ","$442,124 ",-6058,-1.4,"-$6,058.00",-1.40%
62523,"$1,466,187 ","$1,445,631 ",-20556,-1.4,"-$20,556.00",-1.40%
61770,"$145,955 ","$144,090 ",-1865,-1.3,"-$1,865.00",-1.30%
60620,"$19,981,637 ","$19,715,776 ",-265861,-1.3,"-$265,861.00",-1.30%
61610,"$1,551,118 ","$1,533,047 ",-18071,-1.2,"-$18,071.00",-1.20%
62361,"$75,777 ","$75,317 ",-460,-0.6,-$460.00,-0.60%
62957,"$144,511 ","$143,801 ",-710,-0.5,-$710.00,-0.50%
62428,"$497,348 ","$495,427 ",-1921,-0.4,"-$1,921.00",-0.40%
62445,"$95,203 ","$94,972 ",-231,-0.2,-$231.00,-0.20%
60419,"$8,055,345 ","$8,052,586 ",-2759,0,"-$2,759.00",0.00%
61025,"$735,931 ","$737,863 ",1932,0.3,"$1,932.00",0.30%
61238,"$197,543 ","$198,402 ",859,0.4,$859.00,0.40%
62974,"$111,186 ","$112,129 ",943,0.8,$943.00,0.80%
60514,"$444,514 ","$448,713 ",4199,0.9,"$4,199.00",0.90%
62237,"$402,336 ","$406,024 ",3688,0.9,"$3,688.00",0.90%
60180,"$119,594 ","$120,976 ",1382,1.2,"$1,382.00",1.20%
62531,"$295,741 ","$299,212 ",3471,1.2,"$3,471.00",1.20%
60644,"$10,533,946 ","$10,676,425 ",142479,1.4,"$142,479.00",1.40%
60827,"$10,675,134 ","$10,827,964 ",152830,1.4,"$152,830.00",1.40%
62376,"$155,203 ","$158,195 ",2992,1.9,"$2,992.00",1.90%
60633,"$3,214,679 ","$3,276,053 ",61374,1.9,"$61,374.00",1.90%
60643,"$11,675,229 ","$11,906,528 ",231299,2,"$231,299.00",2.00%
62271,"$458,593 ","$470,323 ",11730,2.6,"$11,730.00",2.60%
62053,"$123,763 ","$127,050 ",3287,2.7,"$3,287.00",2.70%
60649,"$13,567,013 ","$13,971,120 ",404107,3,"$404,107.00",3.00%
62539,"$198,689 ","$204,928 ",6239,3.1,"$6,239.00",3.10%
62080,"$365,557 ","$377,216 ",11659,3.2,"$11,659.00",3.20%
61412,"$96,317 ","$99,590 ",3273,3.4,"$3,273.00",3.40%
60619,"$29,023,814 ","$30,001,684 ",977870,3.4,"$977,870.00",3.40%
60155,"$3,198,654 ","$3,311,005 ",112351,3.5,"$112,351.00",3.50%
60607,"$6,396,370 ","$6,620,695 ",224325,3.5,"$224,325.00",3.50%
60012,"$182,481 ","$189,062 ",6581,3.6,"$6,581.00",3.60%
62340,"$222,933 ","$231,584 ",8651,3.9,"$8,651.00",3.90%
62206,"$4,565,024 ","$4,745,006 ",179982,3.9,"$179,982.00",3.90%
60153,"$5,690,755 ","$5,917,228 ",226473,4,"$226,473.00",4.00%
61911,"$195,422 ","$204,738 ",9316,4.8,"$9,316.00",4.80%
60302,"$11,929,846 ","$12,527,444 ",597598,5,"$597,598.00",5.00%
61330,"$307,059 ","$322,865 ",15806,5.1,"$15,806.00",5.10%
60109,"$261,689 ","$275,606 ",13917,5.3,"$13,917.00",5.30%
62970,"$210,230 ","$221,695 ",11465,5.5,"$11,465.00",5.50%
62063,"$149,171 ","$157,369 ",8198,5.5,"$8,198.00",5.50%
61254,"$1,738,546 ","$1,833,719 ",95173,5.5,"$95,173.00",5.50%
62983,"$128,800 ","$136,108 ",7308,5.7,"$7,308.00",5.70%
61760,"$362,176 ","$383,464 ",21288,5.9,"$21,288.00",5.90%
62253,"$124,702 ","$132,203 ",7501,6,"$7,501.00",6.00%
62236,"$2,722,530 ","$2,890,501 ",167971,6.2,"$167,971.00",6.20%
62964,"$398,041 ","$423,132 ",25091,6.3,"$25,091.00",6.30%
62262,"$147,401 ","$156,798 ",9397,6.4,"$9,397.00",6.40%
62914,"$920,942 ","$980,226 ",59284,6.4,"$59,284.00",6.40%
60602,"$5,966,031 ","$6,346,732 ",380701,6.4,"$380,701.00",6.40%
61490,"$175,821 ","$187,263 ",11442,6.5,"$11,442.00",6.50%
60409,"$13,420,514 ","$14,295,985 ",875471,6.5,"$875,471.00",6.50%
61501,"$369,512 ","$394,078 ",24566,6.6,"$24,566.00",6.60%
60097,"$1,184,753 ","$1,264,326 ",79573,6.7,"$79,573.00",6.70%
60475,"$2,830,219 ","$3,023,906 ",193687,6.8,"$193,687.00",6.80%
60628,"$22,345,376 ","$23,883,290 ",1537914,6.9,"$1,537,914.00",6.90%
62926,"$156,728 ","$167,629 ",10901,7,"$10,901.00",7.00%
62846,"$305,350 ","$326,872 ",21522,7,"$21,522.00",7.00%
60064,"$5,833,535 ","$6,241,336 ",407801,7,"$407,801.00",7.00%
60004,"$5,669,465 ","$6,063,986 ",394521,7,"$394,521.00",7.00%
62694,"$484,878 ","$519,555 ",34677,7.2,"$34,677.00",7.20%
60538,"$3,752,219 ","$4,027,507 ",275288,7.3,"$275,288.00",7.30%
60637,"$7,971,283 ","$8,557,829 ",586546,7.4,"$586,546.00",7.40%
62009,"$491,422 ","$528,458 ",37036,7.5,"$37,036.00",7.50%
61486,"$222,783 ","$239,449 ",16666,7.5,"$16,666.00",7.50%
62513,"$250,549 ","$269,343 ",18794,7.5,"$18,794.00",7.50%
60461,"$1,285,710 ","$1,381,909 ",96199,7.5,"$96,199.00",7.50%
62263,"$1,226,428 ","$1,319,657 ",93229,7.6,"$93,229.00",7.60%
61074,"$979,762 ","$1,054,727 ",74965,7.7,"$74,965.00",7.70%
60104,"$7,457,357 ","$8,033,817 ",576460,7.7,"$576,460.00",7.70%
61101,"$5,129,034 ","$5,535,080 ",406046,7.9,"$406,046.00",7.90%
61924,"$104,576 ","$113,067 ",8491,8.1,"$8,491.00",8.10%
62203,"$1,173,045 ","$1,268,406 ",95361,8.1,"$95,361.00",8.10%
61604,"$7,376,164 ","$7,974,817 ",598653,8.1,"$598,653.00",8.10%
61089,"$52,351 ","$56,674 ",4323,8.3,"$4,323.00",8.30%
61552,"$142,888 ","$154,927 ",12039,8.4,"$12,039.00",8.40%
62510,"$259,254 ","$281,264 ",22010,8.5,"$22,010.00",8.50%
61317,"$92,561 ","$100,552 ",7991,8.6,"$7,991.00",8.60%
60942,"$1,244,756 ","$1,351,784 ",107028,8.6,"$107,028.00",8.60%
62288,"$447,721 ","$486,562 ",38841,8.7,"$38,841.00",8.70%
61046,"$190,602 ","$208,482 ",17880,9.4,"$17,880.00",9.40%
60490,"$477,155 ","$522,754 ",45599,9.6,"$45,599.00",9.60%
62037,"$276,410 ","$303,112 ",26702,9.7,"$26,702.00",9.70%
62808,"$214,468 ","$235,535 ",21067,9.8,"$21,067.00",9.80%
62233,"$1,015,861 ","$1,116,154 ",100293,9.9,"$100,293.00",9.90%
61425,"$472,254 ","$519,331 ",47077,10,"$47,077.00",10.00%
61725,"$123,851 ","$136,458 ",12607,10.2,"$12,607.00",10.20%
60137,"$3,597,810 ","$3,965,750 ",367940,10.2,"$367,940.00",10.20%
60190,"$1,394,261 ","$1,537,939 ",143678,10.3,"$143,678.00",10.30%
60163,"$2,321,824 ","$2,562,729 ",240905,10.4,"$240,905.00",10.40%
62477,"$32,525 ","$35,959 ",3434,10.6,"$3,434.00",10.60%
60482,"$2,651,626 ","$2,932,892 ",281266,10.6,"$281,266.00",10.60%
62628,"$92,251 ","$102,147 ",9896,10.7,"$9,896.00",10.70%
62863,"$1,058,040 ","$1,170,861 ",112821,10.7,"$112,821.00",10.70%
62047,"$131,568 ","$145,746 ",14178,10.8,"$14,178.00",10.80%
62367,"$71,452 ","$79,199 ",7747,10.8,"$7,747.00",10.80%
62274,"$914,661 ","$1,013,651 ",98990,10.8,"$98,990.00",10.80%
60617,"$19,718,908 ","$21,853,246 ",2134338,10.8,"$2,134,338.00",10.80%
60970,"$1,111,855 ","$1,234,049 ",122194,11,"$122,194.00",11.00%
60192,"$969,469 ","$1,077,025 ",107556,11.1,"$107,556.00",11.10%
62257,"$508,828 ","$565,602 ",56774,11.2,"$56,774.00",11.20%
60130,"$7,200,189 ","$8,008,828 ",808639,11.2,"$808,639.00",11.20%
62379,"$119,901 ","$133,412 ",13511,11.3,"$13,511.00",11.30%
62347,"$265,110 ","$295,286 ",30176,11.4,"$30,176.00",11.40%
61846,"$427,796 ","$476,402 ",48606,11.4,"$48,606.00",11.40%
60041,"$1,309,013 ","$1,458,716 ",149703,11.4,"$149,703.00",11.40%
60630,"$15,838,315 ","$17,651,659 ",1813344,11.4,"$1,813,344.00",11.40%
60194,"$6,767,748 ","$7,542,680 ",774932,11.5,"$774,932.00",11.50%
62326,"$198,709 ","$221,842 ",23133,11.6,"$23,133.00",11.60%
60136,"$507,056 ","$566,164 ",59108,11.7,"$59,108.00",11.70%
60910,"$440,468 ","$492,878 ",52410,11.9,"$52,410.00",11.90%
60466,"$4,771,660 ","$5,338,544 ",566884,11.9,"$566,884.00",11.90%
61201,"$4,535,682 ","$5,080,853 ",545171,12,"$545,171.00",12.00%
60426,"$10,836,017 ","$12,133,384 ",1297367,12,"$1,297,367.00",12.00%
62061,"$190,485 ","$213,497 ",23012,12.1,"$23,012.00",12.10%
60541,"$443,844 ","$497,620 ",53776,12.1,"$53,776.00",12.10%
62618,"$1,605,048 ","$1,799,416 ",194368,12.1,"$194,368.00",12.10%
61878,"$274,801 ","$308,285 ",33484,12.2,"$33,484.00",12.20%
62258,"$1,346,428 ","$1,511,288 ",164860,12.2,"$164,860.00",12.20%
60534,"$3,021,061 ","$3,392,208 ",371147,12.3,"$371,147.00",12.30%
62301,"$5,822,010 ","$6,544,009 ",721999,12.4,"$721,999.00",12.40%
60609,"$17,541,316 ","$19,728,266 ",2186950,12.5,"$2,186,950.00",12.50%
62441,"$799,688 ","$900,980 ",101292,12.7,"$101,292.00",12.70%
60131,"$5,957,859 ","$6,726,724 ",768865,12.9,"$768,865.00",12.90%
62424,"$133,217 ","$150,536 ",17319,13,"$17,319.00",13.00%
60652,"$11,633,765 ","$13,140,583 ",1506818,13,"$1,506,818.00",13.00%
60146,"$402,073 ","$454,600 ",52527,13.1,"$52,527.00",13.10%
60406,"$4,380,097 ","$4,952,709 ",572612,13.1,"$572,612.00",13.10%
62034,"$1,010,444 ","$1,144,867 ",134423,13.3,"$134,423.00",13.30%
60150,"$185,763 ","$210,855 ",25092,13.5,"$25,092.00",13.50%
62626,"$810,759 ","$920,354 ",109595,13.5,"$109,595.00",13.50%
61801,"$2,436,333 ","$2,765,625 ",329292,13.5,"$329,292.00",13.50%
60202,"$6,013,340 ","$6,828,025 ",814685,13.5,"$814,685.00",13.50%
60444,"$347,840 ","$395,417 ",47577,13.7,"$47,577.00",13.70%
62205,"$2,302,518 ","$2,617,947 ",315429,13.7,"$315,429.00",13.70%
60706,"$11,769,231 ","$13,393,394 ",1624163,13.8,"$1,624,163.00",13.80%
60629,"$16,143,026 ","$18,363,539 ",2220513,13.8,"$2,220,513.00",13.80%
61603,"$2,868,041 ","$3,265,298 ",397257,13.9,"$397,257.00",13.90%
61252,"$594,973 ","$679,233 ",84260,14.2,"$84,260.00",14.20%
62984,"$496,355 ","$566,977 ",70622,14.2,"$70,622.00",14.20%
61858,"$522,942 ","$597,547 ",74605,14.3,"$74,605.00",14.30%
62353,"$641,700 ","$733,187 ",91487,14.3,"$91,487.00",14.30%
60661,"$3,218,326 ","$3,678,985 ",460659,14.3,"$460,659.00",14.30%
62875,"$204,337 ","$233,968 ",29631,14.5,"$29,631.00",14.50%
60546,"$4,889,212 ","$5,596,931 ",707719,14.5,"$707,719.00",14.50%
60613,"$6,075,803 ","$6,958,925 ",883122,14.5,"$883,122.00",14.50%
62014,"$412,178 ","$474,054 ",61876,15,"$61,876.00",15.00%
62207,"$1,366,919 ","$1,572,119 ",205200,15,"$205,200.00",15.00%
62239,"$488,750 ","$562,376 ",73626,15.1,"$73,626.00",15.10%
62341,"$550,574 ","$633,979 ",83405,15.1,"$83,405.00",15.10%
60115,"$5,148,854 ","$5,925,633 ",776779,15.1,"$776,779.00",15.10%
60164,"$6,557,883 ","$7,550,212 ",992329,15.1,"$992,329.00",15.10%
61547,"$360,662 ","$415,627 ",54965,15.2,"$54,965.00",15.20%
60447,"$2,486,811 ","$2,864,379 ",377568,15.2,"$377,568.00",15.20%
60606,"$11,070,800 ","$12,758,012 ",1687212,15.2,"$1,687,212.00",15.20%
62044,"$135,498 ","$156,333 ",20835,15.4,"$20,835.00",15.40%
60612,"$10,687,443 ","$12,346,443 ",1659000,15.5,"$1,659,000.00",15.50%
62033,"$712,691 ","$823,945 ",111254,15.6,"$111,254.00",15.60%
61764,"$2,405,297 ","$2,780,864 ",375567,15.6,"$375,567.00",15.60%
62316,"$97,469 ","$112,767 ",15298,15.7,"$15,298.00",15.70%
62901,"$1,950,730 ","$2,257,994 ",307264,15.8,"$307,264.00",15.80%
61080,"$4,469,834 ","$5,186,978 ",717144,16,"$717,144.00",16.00%
60647,"$20,822,749 ","$24,148,082 ",3325333,16,"$3,325,333.00",16.00%
62544,"$211,932 ","$245,974 ",34042,16.1,"$34,042.00",16.10%
61616,"$1,414,230 ","$1,643,961 ",229731,16.2,"$229,731.00",16.20%
60542,"$3,155,027 ","$3,670,022 ",514995,16.3,"$514,995.00",16.30%
61489,"$56,682 ","$65,979 ",9297,16.4,"$9,297.00",16.40%
61866,"$2,487,111 ","$2,893,853 ",406742,16.4,"$406,742.00",16.40%
61032,"$7,790,370 ","$9,071,497 ",1281127,16.4,"$1,281,127.00",16.40%
60940,"$388,862 ","$453,571 ",64709,16.6,"$64,709.00",16.60%
62330,"$228,320 ","$266,561 ",38241,16.7,"$38,241.00",16.70%
62702,"$11,830,432 ","$13,810,768 ",1980336,16.7,"$1,980,336.00",16.70%
62677,"$162,117 ","$189,386 ",27269,16.8,"$27,269.00",16.80%
62931,"$210,630 ","$245,982 ",35352,16.8,"$35,352.00",16.80%
61914,"$132,077 ","$154,510 ",22433,17,"$22,433.00",17.00%
62305,"$1,018,406 ","$1,191,760 ",173354,17,"$173,354.00",17.00%
60429,"$3,207,148 ","$3,752,839 ",545691,17,"$545,691.00",17.00%
60622,"$13,692,037 ","$16,044,876 ",2352839,17.2,"$2,352,839.00",17.20%
61602,"$571,952 ","$671,103 ",99151,17.3,"$99,151.00",17.30%
60201,"$2,905,795 ","$3,407,845 ",502050,17.3,"$502,050.00",17.30%
61401,"$6,461,435 ","$7,587,375 ",1125940,17.4,"$1,125,940.00",17.40%
62321,"$365,467 ","$429,457 ",63990,17.5,"$63,990.00",17.50%
60707,"$12,436,524 ","$14,621,203 ",2184679,17.6,"$2,184,679.00",17.60%
60432,"$3,032,143 ","$3,568,389 ",536246,17.7,"$536,246.00",17.70%
60517,"$6,135,318 ","$7,222,541 ",1087223,17.7,"$1,087,223.00",17.70%
60087,"$7,687,411 ","$9,053,610 ",1366199,17.8,"$1,366,199.00",17.80%
62031,"$26,114 ","$30,799 ",4685,17.9,"$4,685.00",17.90%
61842,"$308,791 ","$364,147 ",55356,17.9,"$55,356.00",17.90%
62822,"$537,584 ","$633,606 ",96022,17.9,"$96,022.00",17.90%
60135,"$817,403 ","$963,390 ",145987,17.9,"$145,987.00",17.90%
60162,"$3,140,846 ","$3,703,345 ",562499,17.9,"$562,499.00",17.90%
60016,"$13,035,318 ","$15,364,063 ",2328745,17.9,"$2,328,745.00",17.90%
62082,"$317,309 ","$374,542 ",57233,18,"$57,233.00",18.00%
61102,"$4,771,883 ","$5,629,372 ",857489,18,"$857,489.00",18.00%
62433,"$73,395 ","$86,650 ",13255,18.1,"$13,255.00",18.10%
60525,"$10,362,386 ","$12,242,968 ",1880582,18.1,"$1,880,582.00",18.10%
61913,"$171,361 ","$202,539 ",31178,18.2,"$31,178.00",18.20%
60112,"$548,904 ","$649,024 ",100120,18.2,"$100,120.00",18.20%
60603,"$5,020,054 ","$5,931,438 ",911384,18.2,"$911,384.00",18.20%
62024,"$1,418,787 ","$1,678,504 ",259717,18.3,"$259,717.00",18.30%
60433,"$2,993,102 ","$3,541,526 ",548424,18.3,"$548,424.00",18.30%
60626,"$6,703,605 ","$7,932,122 ",1228517,18.3,"$1,228,517.00",18.30%
60469,"$3,381,211 ","$4,002,707 ",621496,18.4,"$621,496.00",18.40%
60614,"$7,032,209 ","$8,323,498 ",1291289,18.4,"$1,291,289.00",18.40%
62830,"$232,364 ","$275,276 ",42912,18.5,"$42,912.00",18.50%
62823,"$151,689 ","$179,766 ",28077,18.5,"$28,077.00",18.50%
60068,"$5,013,956 ","$5,940,182 ",926226,18.5,"$926,226.00",18.50%
60438,"$8,386,913 ","$9,950,669 ",1563756,18.6,"$1,563,756.00",18.60%
61322,"$173,585 ","$206,004 ",32419,18.7,"$32,419.00",18.70%
62208,"$4,502,238 ","$5,342,521 ",840283,18.7,"$840,283.00",18.70%
61104,"$5,707,626 ","$6,777,246 ",1069620,18.7,"$1,069,620.00",18.70%
60901,"$7,026,471 ","$8,344,912 ",1318441,18.8,"$1,318,441.00",18.80%
61062,"$172,056 ","$204,505 ",32449,18.9,"$32,449.00",18.90%
62458,"$396,552 ","$471,821 ",75269,19,"$75,269.00",19.00%
61356,"$2,286,079 ","$2,720,053 ",433974,19,"$433,974.00",19.00%
60804,"$15,407,635 ","$18,329,668 ",2922033,19,"$2,922,033.00",19.00%
62069,"$307,302 ","$366,236 ",58934,19.2,"$58,934.00",19.20%
62221,"$3,834,389 ","$4,572,478 ",738089,19.2,"$738,089.00",19.20%
62703,"$7,970,273 ","$9,499,778 ",1529505,19.2,"$1,529,505.00",19.20%
61010,"$1,270,043 ","$1,514,968 ",244925,19.3,"$244,925.00",19.30%
62907,"$103,371 ","$123,386 ",20015,19.4,"$20,015.00",19.40%
60638,"$15,618,374 ","$18,654,799 ",3036425,19.4,"$3,036,425.00",19.40%
60119,"$754,562 ","$901,722 ",147160,19.5,"$147,160.00",19.50%
61103,"$6,172,173 ","$7,373,398 ",1201225,19.5,"$1,201,225.00",19.50%
62220,"$2,745,495 ","$3,282,758 ",537263,19.6,"$537,263.00",19.60%
61068,"$2,610,388 ","$3,120,857 ",510469,19.6,"$510,469.00",19.60%
62670,"$206,106 ","$246,767 ",40661,19.7,"$40,661.00",19.70%
60550,"$400,062 ","$478,952 ",78890,19.7,"$78,890.00",19.70%
61756,"$332,750 ","$398,384 ",65634,19.7,"$65,634.00",19.70%
60044,"$1,595,308 ","$1,911,963 ",316655,19.8,"$316,655.00",19.80%
62844,"$686,591 ","$822,390 ",135799,19.8,"$135,799.00",19.80%
60096,"$2,422,104 ","$2,905,396 ",483292,20,"$483,292.00",20.00%
62832,"$1,496,730 ","$1,798,966 ",302236,20.2,"$302,236.00",20.20%
61375,"$117,604 ","$141,466 ",23862,20.3,"$23,862.00",20.30%
60639,"$20,649,691 ","$24,845,546 ",4195855,20.3,"$4,195,855.00",20.30%
60477,"$12,132,116 ","$14,595,349 ",2463233,20.3,"$2,463,233.00",20.30%
61361,"$119,687 ","$144,207 ",24520,20.5,"$24,520.00",20.50%
60805,"$9,709,462 ","$11,702,907 ",1993445,20.5,"$1,993,445.00",20.50%
62560,"$214,100 ","$258,212 ",44112,20.6,"$44,112.00",20.60%
62449,"$301,730 ","$364,076 ",62346,20.7,"$62,346.00",20.70%
60459,"$9,551,628 ","$11,537,527 ",1985899,20.8,"$1,985,899.00",20.80%
60924,"$93,539 ","$113,105 ",19566,20.9,"$19,566.00",20.90%
62095,"$2,243,284 ","$2,712,650 ",469366,20.9,"$469,366.00",20.90%
61414,"$70,406 ","$85,212 ",14806,21,"$14,806.00",21.00%
62558,"$271,035 ","$328,009 ",56974,21,"$56,974.00",21.00%
62704,"$6,811,759 ","$8,241,982 ",1430223,21,"$1,430,223.00",21.00%
61282,"$1,641,256 ","$1,987,126 ",345870,21.1,"$345,870.00",21.10%
60005,"$6,116,379 ","$7,405,251 ",1288872,21.1,"$1,288,872.00",21.10%
62685,"$84,409 ","$102,280 ",17871,21.2,"$17,871.00",21.20%
62540,"$283,158 ","$343,671 ",60513,21.4,"$60,513.00",21.40%
62360,"$105,244 ","$127,730 ",22486,21.4,"$22,486.00",21.40%
62533,"$242,319 ","$294,235 ",51916,21.4,"$51,916.00",21.40%
60927,"$229,757 ","$278,930 ",49173,21.4,"$49,173.00",21.40%
60957,"$927,573 ","$1,126,204 ",198631,21.4,"$198,631.00",21.40%
60067,"$4,613,966 ","$5,601,870 ",987904,21.4,"$987,904.00",21.40%
60171,"$5,081,668 ","$6,171,143 ",1089475,21.4,"$1,089,475.00",21.40%
61021,"$5,299,831 ","$6,434,242 ",1134411,21.4,"$1,134,411.00",21.40%
61109,"$6,364,102 ","$7,726,741 ",1362639,21.4,"$1,362,639.00",21.40%
61278,"$422,690 ","$513,617 ",90927,21.5,"$90,927.00",21.50%
60472,"$972,876 ","$1,183,136 ",210260,21.6,"$210,260.00",21.60%
60435,"$14,968,196 ","$18,194,349 ",3226153,21.6,"$3,226,153.00",21.60%
61606,"$332,867 ","$405,192 ",72325,21.7,"$72,325.00",21.70%
60532,"$3,606,430 ","$4,388,412 ",781982,21.7,"$781,982.00",21.70%
62681,"$729,707 ","$888,757 ",159050,21.8,"$159,050.00",21.80%
60451,"$4,651,209 ","$5,664,598 ",1013389,21.8,"$1,013,389.00",21.80%
62401,"$4,054,517 ","$4,937,578 ",883061,21.8,"$883,061.00",21.80%
62895,"$167,156 ","$203,807 ",36651,21.9,"$36,651.00",21.90%
62363,"$1,247,667 ","$1,521,299 ",273632,21.9,"$273,632.00",21.90%
60548,"$1,726,848 ","$2,107,243 ",380395,22,"$380,395.00",22.00%
60803,"$8,849,120 ","$10,795,957 ",1946837,22,"$1,946,837.00",22.00%
60154,"$6,831,724 ","$8,341,350 ",1509626,22.1,"$1,509,626.00",22.10%
60160,"$7,384,046 ","$9,015,503 ",1631457,22.1,"$1,631,457.00",22.10%
61064,"$307,488 ","$375,902 ",68414,22.2,"$68,414.00",22.20%
61257,"$349,692 ","$427,488 ",77796,22.2,"$77,796.00",22.20%
60657,"$5,189,075 ","$6,343,556 ",1154481,22.2,"$1,154,481.00",22.20%
60411,"$11,911,227 ","$14,560,563 ",2649336,22.2,"$2,649,336.00",22.20%
60484,"$837,082 ","$1,026,603 ",189521,22.6,"$189,521.00",22.60%
62864,"$5,033,850 ","$6,172,041 ",1138191,22.6,"$1,138,191.00",22.60%
62691,"$297,291 ","$364,865 ",67574,22.7,"$67,574.00",22.70%
61540,"$492,093 ","$603,710 ",111617,22.7,"$111,617.00",22.70%
60133,"$6,243,607 ","$7,662,687 ",1419080,22.7,"$1,419,080.00",22.70%
60513,"$3,688,112 ","$4,528,445 ",840333,22.8,"$840,333.00",22.80%
60478,"$4,986,557 ","$6,121,430 ",1134873,22.8,"$1,134,873.00",22.80%
61107,"$2,944,917 ","$3,615,601 ",670684,22.8,"$670,684.00",22.80%
61231,"$534,716 ","$656,905 ",122189,22.9,"$122,189.00",22.90%
60520,"$465,030 ","$571,560 ",106530,22.9,"$106,530.00",22.90%
61413,"$176,086 ","$216,504 ",40418,23,"$40,418.00",23.00%
60143,"$2,469,213 ","$3,037,022 ",567809,23,"$567,809.00",23.00%
60601,"$10,495,257 ","$12,907,875 ",2412618,23,"$2,412,618.00",23.00%
62463,"$142,312 ","$175,223 ",32911,23.1,"$32,911.00",23.10%
60051,"$1,876,769 ","$2,310,422 ",433653,23.1,"$433,653.00",23.10%
60511,"$161,959 ","$199,583 ",37624,23.2,"$37,624.00",23.20%
60605,"$5,635,550 ","$6,941,264 ",1305714,23.2,"$1,305,714.00",23.20%
62448,"$583,158 ","$718,821 ",135663,23.3,"$135,663.00",23.30%
60964,"$372,534 ","$459,875 ",87341,23.4,"$87,341.00",23.40%
60646,"$3,976,470 ","$4,908,349 ",931879,23.4,"$931,879.00",23.40%
60714,"$13,548,230 ","$16,717,273 ",3169043,23.4,"$3,169,043.00",23.40%
Total,"$2,290,814,335 ","$2,827,995,134 ",537180799,23.4,"$537,180,799.00",23.40%
61036,"$867,902 ","$1,071,949 ",204047,23.5,"$204,047.00",23.50%
61369,"$463,015 ","$571,605 ",108590,23.5,"$108,590.00",23.50%
62712,"$792,697 ","$979,190 ",186493,23.5,"$186,493.00",23.50%
62450,"$1,784,646 ","$2,204,746 ",420100,23.5,"$420,100.00",23.50%
61418,"$153,108 ","$189,271 ",36163,23.6,"$36,163.00",23.60%
62471,"$1,745,287 ","$2,157,754 ",412467,23.6,"$412,467.00",23.60%
62223,"$3,555,280 ","$4,393,407 ",838127,23.6,"$838,127.00",23.60%
60610,"$8,214,952 ","$10,150,543 ",1935591,23.6,"$1,935,591.00",23.60%
61530,"$647,547 ","$801,797 ",154250,23.8,"$154,250.00",23.80%
60089,"$6,307,980 ","$7,810,202 ",1502222,23.8,"$1,502,222.00",23.80%
62260,"$520,593 ","$645,203 ",124610,23.9,"$124,610.00",23.90%
60050,"$6,797,882 ","$8,423,091 ",1625209,23.9,"$1,625,209.00",23.90%
62035,"$2,289,608 ","$2,838,472 ",548864,24,"$548,864.00",24.00%
60304,"$2,838,957 ","$3,521,305 ",682348,24,"$682,348.00",24.00%
62226,"$4,099,945 ","$5,083,918 ",983973,24,"$983,973.00",24.00%
62930,"$633,572 ","$786,496 ",152924,24.1,"$152,924.00",24.10%
60954,"$1,156,931 ","$1,436,126 ",279195,24.1,"$279,195.00",24.10%
61241,"$1,020,716 ","$1,266,641 ",245925,24.1,"$245,925.00",24.10%
60501,"$3,605,708 ","$4,479,556 ",873848,24.2,"$873,848.00",24.20%
60634,"$21,457,561 ","$26,647,843 ",5190282,24.2,"$5,190,282.00",24.20%
60455,"$5,564,561 ","$6,915,809 ",1351248,24.3,"$1,351,248.00",24.30%
61310,"$689,054 ","$857,269 ",168215,24.4,"$168,215.00",24.40%
60654,"$4,062,830 ","$5,053,807 ",990977,24.4,"$990,977.00",24.40%
62884,"$480,537 ","$598,155 ",117618,24.5,"$117,618.00",24.50%
60555,"$2,360,285 ","$2,937,967 ",577682,24.5,"$577,682.00",24.50%
62234,"$5,495,657 ","$6,840,377 ",1344720,24.5,"$1,344,720.00",24.50%
60453,"$19,376,416 ","$24,182,348 ",4805932,24.8,"$4,805,932.00",24.80%
61239,"$200,606 ","$250,494 ",49888,24.9,"$49,888.00",24.90%
62467,"$363,896 ","$454,656 ",90760,24.9,"$90,760.00",24.90%
62231,"$701,653 ","$876,983 ",175330,25,"$175,330.00",25.00%
60526,"$1,348,892 ","$1,686,142 ",337250,25,"$337,250.00",25.00%
60449,"$2,114,374 ","$2,643,246 ",528872,25,"$528,872.00",25.00%
62522,"$2,479,959 ","$3,101,530 ",621571,25.1,"$621,571.00",25.10%
61354,"$3,665,223 ","$4,588,526 ",923303,25.2,"$923,303.00",25.20%
60460,"$306,232 ","$383,792 ",77560,25.3,"$77,560.00",25.30%
61420,"$73,017 ","$91,528 ",18511,25.4,"$18,511.00",25.40%
60656,"$7,017,770 ","$8,802,739 ",1784969,25.4,"$1,784,969.00",25.40%
60616,"$15,385,771 ","$19,294,324 ",3908553,25.4,"$3,908,553.00",25.40%
62999,"$210,140 ","$263,825 ",53685,25.5,"$53,685.00",25.50%
60301,"$489,030 ","$613,924 ",124894,25.5,"$124,894.00",25.50%
62650,"$4,748,444 ","$5,964,546 ",1216102,25.6,"$1,216,102.00",25.60%
61006,"$167,470 ","$210,354 ",42884,25.6,"$42,884.00",25.60%
60462,"$5,607,933 ","$7,049,703 ",1441770,25.7,"$1,441,770.00",25.70%
60126,"$8,049,174 ","$10,117,492 ",2068318,25.7,"$2,068,318.00",25.70%
60102,"$6,336,925 ","$7,969,187 ",1632262,25.8,"$1,632,262.00",25.80%
60169,"$3,059,697 ","$3,855,640 ",795943,26,"$795,943.00",26.00%
60188,"$7,788,647 ","$9,815,279 ",2026632,26,"$2,026,632.00",26.00%
60118,"$3,961,381 ","$4,991,389 ",1030008,26,"$1,030,008.00",26.00%
61611,"$6,002,764 ","$7,565,371 ",1562607,26,"$1,562,607.00",26.00%
60085,"$15,440,075 ","$19,451,860 ",4011785,26,"$4,011,785.00",26.00%
62882,"$327,445 ","$412,789 ",85344,26.1,"$85,344.00",26.10%
61061,"$1,254,352 ","$1,581,218 ",326866,26.1,"$326,866.00",26.10%
60123,"$7,322,560 ","$9,236,749 ",1914189,26.1,"$1,914,189.00",26.10%
60502,"$1,240,329 ","$1,565,675 ",325346,26.2,"$325,346.00",26.20%
61052,"$276,581 ","$348,913 ",72332,26.2,"$72,332.00",26.20%
62366,"$223,278 ","$281,943 ",58665,26.3,"$58,665.00",26.30%
61732,"$197,960 ","$250,248 ",52288,26.4,"$52,288.00",26.40%
62656,"$3,009,547 ","$3,804,506 ",794959,26.4,"$794,959.00",26.40%
60018,"$9,919,602 ","$12,536,793 ",2617191,26.4,"$2,617,191.00",26.40%
62249,"$1,737,347 ","$2,197,576 ",460229,26.5,"$460,229.00",26.50%
60640,"$12,428,720 ","$15,724,549 ",3295829,26.5,"$3,295,829.00",26.50%
61742,"$210,658 ","$266,788 ",56130,26.6,"$56,130.00",26.60%
61614,"$3,348,208 ","$4,237,239 ",889031,26.6,"$889,031.00",26.60%
60623,"$14,491,298 ","$18,340,244 ",3848946,26.6,"$3,848,946.00",26.60%
62854,"$154,211 ","$195,404 ",41193,26.7,"$41,193.00",26.70%
62906,"$1,081,656 ","$1,370,625 ",288969,26.7,"$288,969.00",26.70%
61455,"$2,090,322 ","$2,647,521 ",557199,26.7,"$557,199.00",26.70%
61111,"$9,694,672 ","$12,287,916 ",2593244,26.7,"$2,593,244.00",26.70%
60631,"$1,926,273 ","$2,444,346 ",518073,26.9,"$518,073.00",26.90%
61277,"$277,534 ","$352,269 ",74735,26.9,"$74,735.00",26.90%
62806,"$271,896 ","$345,436 ",73540,27,"$73,540.00",27.00%
60436,"$2,560,266 ","$3,250,467 ",690201,27,"$690,201.00",27.00%
62040,"$8,802,027 ","$11,177,575 ",2375548,27,"$2,375,548.00",27.00%
60645,"$5,877,037 ","$7,463,809 ",1586772,27,"$1,586,772.00",27.00%
60025,"$4,219,558 ","$5,363,756 ",1144198,27.1,"$1,144,198.00",27.10%
60936,"$674,785 ","$858,755 ",183970,27.3,"$183,970.00",27.30%
62839,"$887,697 ","$1,129,907 ",242210,27.3,"$242,210.00",27.30%
60452,"$6,231,276 ","$7,930,731 ",1699455,27.3,"$1,699,455.00",27.30%
60031,"$5,772,406 ","$7,347,020 ",1574614,27.3,"$1,574,614.00",27.30%
62092,"$523,198 ","$666,650 ",143452,27.4,"$143,452.00",27.40%
61607,"$2,264,483 ","$2,885,369 ",620886,27.4,"$620,886.00",27.40%
60421,"$468,329 ","$596,936 ",128607,27.5,"$128,607.00",27.50%
61244,"$3,210,844 ","$4,093,140 ",882296,27.5,"$882,296.00",27.50%
61813,"$263,293 ","$335,993 ",72700,27.6,"$72,700.00",27.60%
60559,"$6,262,884 ","$7,990,149 ",1727265,27.6,"$1,727,265.00",27.60%
60056,"$8,683,360 ","$11,079,404 ",2396044,27.6,"$2,396,044.00",27.60%
60174,"$5,156,657 ","$6,587,098 ",1430441,27.7,"$1,430,441.00",27.70%
60441,"$6,930,085 ","$8,852,778 ",1922693,27.7,"$1,922,693.00",27.70%
62859,"$492,521 ","$629,515 ",136994,27.8,"$136,994.00",27.80%
62293,"$436,869 ","$558,455 ",121586,27.8,"$121,586.00",27.80%
60176,"$7,026,469 ","$8,978,153 ",1951684,27.8,"$1,951,684.00",27.80%
60091,"$1,919,725 ","$2,455,257 ",535532,27.9,"$535,532.00",27.90%
60071,"$1,506,663 ","$1,927,271 ",420608,27.9,"$420,608.00",27.90%
61031,"$126,362 ","$161,723 ",35361,28,"$35,361.00",28.00%
60565,"$1,793,796 ","$2,296,630 ",502834,28,"$502,834.00",28.00%
61448,"$395,868 ","$506,532 ",110664,28,"$110,664.00",28.00%
60165,"$2,098,260 ","$2,684,835 ",586575,28,"$586,575.00",28.00%
60632,"$15,816,709 ","$20,254,958 ",4438249,28.1,"$4,438,249.00",28.10%
60481,"$2,306,142 ","$2,954,412 ",648270,28.1,"$648,270.00",28.10%
61701,"$6,889,502 ","$8,824,402 ",1934900,28.1,"$1,934,900.00",28.10%
62311,"$77,728 ","$99,613 ",21885,28.2,"$21,885.00",28.20%
62246,"$1,124,522 ","$1,442,111 ",317589,28.2,"$317,589.00",28.20%
60014,"$5,631,830 ","$7,221,519 ",1589689,28.2,"$1,589,689.00",28.20%
61615,"$3,021,362 ","$3,876,387 ",855025,28.3,"$855,025.00",28.30%
60471,"$1,340,258 ","$1,721,527 ",381269,28.4,"$381,269.00",28.40%
60062,"$5,454,461 ","$7,000,977 ",1546516,28.4,"$1,546,516.00",28.40%
60402,"$13,302,880 ","$17,079,902 ",3777022,28.4,"$3,777,022.00",28.40%
62948,"$1,711,946 ","$2,201,384 ",489438,28.6,"$489,438.00",28.60%
62640,"$355,561 ","$457,949 ",102388,28.8,"$102,388.00",28.80%
60642,"$1,446,691 ","$1,863,015 ",416324,28.8,"$416,324.00",28.80%
61270,"$650,487 ","$837,558 ",187071,28.8,"$187,071.00",28.80%
60172,"$4,914,409 ","$6,329,823 ",1415414,28.8,"$1,415,414.00",28.80%
61071,"$2,806,580 ","$3,615,801 ",809221,28.8,"$809,221.00",28.80%
60445,"$7,539,193 ","$9,709,402 ",2170209,28.8,"$2,170,209.00",28.80%
62812,"$1,611,573 ","$2,077,042 ",465469,28.9,"$465,469.00",28.90%
62526,"$6,437,521 ","$8,298,992 ",1861471,28.9,"$1,861,471.00",28.90%
61230,"$130,725 ","$168,700 ",37975,29,"$37,975.00",29.00%
60099,"$4,903,214 ","$6,327,312 ",1424098,29,"$1,424,098.00",29.00%
62939,"$226,890 ","$293,199 ",66309,29.2,"$66,309.00",29.20%
61832,"$6,230,789 ","$8,049,997 ",1819208,29.2,"$1,819,208.00",29.20%
60134,"$2,582,273 ","$3,341,901 ",759628,29.4,"$759,628.00",29.40%
61415,"$193,519 ","$250,350 ",56831,29.4,"$56,831.00",29.40%
60660,"$6,839,134 ","$8,853,965 ",2014831,29.5,"$2,014,831.00",29.50%
62801,"$3,535,028 ","$4,578,515 ",1043487,29.5,"$1,043,487.00",29.50%
61821,"$5,366,181 ","$6,952,126 ",1585945,29.6,"$1,585,945.00",29.60%
61326,"$549,035 ","$712,252 ",163217,29.7,"$163,217.00",29.70%
61956,"$412,604 ","$535,195 ",122591,29.7,"$122,591.00",29.70%
61085,"$662,332 ","$859,035 ",196703,29.7,"$196,703.00",29.70%
60408,"$1,229,374 ","$1,596,292 ",366918,29.8,"$366,918.00",29.80%
60560,"$2,271,116 ","$2,946,951 ",675835,29.8,"$675,835.00",29.80%
60076,"$7,290,054 ","$9,472,236 ",2182182,29.9,"$2,182,182.00",29.90%
61041,"$112,238 ","$145,847 ",33609,29.9,"$33,609.00",29.90%
62890,"$110,048 ","$142,976 ",32928,29.9,"$32,928.00",29.90%
60107,"$6,930,690 ","$8,999,584 ",2068894,29.9,"$2,068,894.00",29.90%
61483,"$150,881 ","$196,182 ",45301,30,"$45,301.00",30.00%
62701,"$393,571 ","$511,565 ",117994,30,"$117,994.00",30.00%
60641,"$15,254,106 ","$19,833,457 ",4579351,30,"$4,579,351.00",30.00%
62946,"$1,349,092 ","$1,755,830 ",406738,30.1,"$406,738.00",30.10%
61957,"$172,121 ","$223,875 ",51754,30.1,"$51,754.00",30.10%
62821,"$859,625 ","$1,119,432 ",259807,30.2,"$259,807.00",30.20%
60463,"$3,708,528 ","$4,827,613 ",1119085,30.2,"$1,119,085.00",30.20%
60473,"$5,528,206 ","$7,196,603 ",1668397,30.2,"$1,668,397.00",30.20%
60586,"$2,184,171 ","$2,843,842 ",659671,30.2,"$659,671.00",30.20%
60187,"$5,012,612 ","$6,528,503 ",1515891,30.2,"$1,515,891.00",30.20%
60425,"$4,715,175 ","$6,144,094 ",1428919,30.3,"$1,428,919.00",30.30%
60430,"$4,199,967 ","$5,474,503 ",1274536,30.3,"$1,274,536.00",30.30%
60440,"$9,146,440 ","$11,937,439 ",2790999,30.5,"$2,790,999.00",30.50%
60061,"$2,768,654 ","$3,616,937 ",848283,30.6,"$848,283.00",30.60%
62216,"$110,756 ","$144,694 ",33938,30.6,"$33,938.00",30.60%
62966,"$1,780,067 ","$2,324,527 ",544460,30.6,"$544,460.00",30.60%
61523,"$1,390,957 ","$1,817,267 ",426310,30.6,"$426,310.00",30.60%
60030,"$4,654,965 ","$6,083,676 ",1428711,30.7,"$1,428,711.00",30.70%
61422,"$522,763 ","$683,258 ",160495,30.7,"$160,495.00",30.70%
60955,"$149,811 ","$195,843 ",46032,30.7,"$46,032.00",30.70%
60608,"$17,472,464 ","$22,860,094 ",5387630,30.8,"$5,387,630.00",30.80%
61738,"$664,799 ","$869,762 ",204963,30.8,"$204,963.00",30.80%
60013,"$2,700,680 ","$3,535,736 ",835056,30.9,"$835,056.00",30.90%
61250,"$122,614 ","$160,516 ",37902,30.9,"$37,902.00",30.90%
60611,"$7,068,348 ","$9,261,616 ",2193268,31,"$2,193,268.00",31.00%
60156,"$1,631,316 ","$2,137,780 ",506464,31,"$506,464.00",31.00%
60515,"$4,976,603 ","$6,520,831 ",1544228,31,"$1,544,228.00",31.00%
61462,"$1,827,896 ","$2,396,573 ",568677,31.1,"$568,677.00",31.10%
62567,"$202,840 ","$266,116 ",63276,31.2,"$63,276.00",31.20%
62521,"$7,284,666 ","$9,559,567 ",2274901,31.2,"$2,274,901.00",31.20%
61536,"$325,161 ","$426,863 ",101702,31.3,"$101,702.00",31.30%
60101,"$10,489,629 ","$13,770,860 ",3281231,31.3,"$3,281,231.00",31.30%
60120,"$7,331,722 ","$9,634,727 ",2303005,31.4,"$2,303,005.00",31.40%
61877,"$98,362 ","$129,540 ",31178,31.7,"$31,178.00",31.70%
60464,"$1,930,765 ","$2,542,013 ",611248,31.7,"$611,248.00",31.70%
60007,"$8,496,042 ","$11,190,637 ",2694595,31.7,"$2,694,595.00",31.70%
60458,"$4,385,184 ","$5,780,513 ",1395329,31.8,"$1,395,329.00",31.80%
62049,"$1,071,650 ","$1,412,776 ",341126,31.8,"$341,126.00",31.80%
60077,"$5,562,944 ","$7,335,563 ",1772619,31.9,"$1,772,619.00",31.90%
62917,"$282,085 ","$371,940 ",89855,31.9,"$89,855.00",31.90%
61421,"$100,951 ","$133,175 ",32224,31.9,"$32,224.00",31.90%
62439,"$957,397 ","$1,263,014 ",305617,31.9,"$305,617.00",31.90%
60914,"$2,856,163 ","$3,773,686 ",917523,32.1,"$917,523.00",32.10%
61235,"$69,160 ","$91,382 ",22222,32.1,"$22,222.00",32.10%
62858,"$151,929 ","$200,766 ",48837,32.1,"$48,837.00",32.10%
62869,"$169,431 ","$224,012 ",54581,32.2,"$54,581.00",32.20%
60505,"$6,276,916 ","$8,299,603 ",2022687,32.2,"$2,022,687.00",32.20%
62568,"$2,896,787 ","$3,829,969 ",933182,32.2,"$933,182.00",32.20%
60618,"$20,488,509 ","$27,080,959 ",6592450,32.2,"$6,592,450.00",32.20%
62351,"$157,806 ","$208,727 ",50921,32.3,"$50,921.00",32.30%
62557,"$1,354,194 ","$1,791,474 ",437280,32.3,"$437,280.00",32.30%
61944,"$1,908,839 ","$2,525,885 ",617046,32.3,"$617,046.00",32.30%
62075,"$371,186 ","$491,636 ",120450,32.5,"$120,450.00",32.50%
62571,"$163,332 ","$216,598 ",53266,32.6,"$53,266.00",32.60%
60915,"$2,871,912 ","$3,808,853 ",936941,32.6,"$936,941.00",32.60%
62269,"$4,337,555 ","$5,762,743 ",1425188,32.9,"$1,425,188.00",32.90%
60060,"$6,801,069 ","$9,044,206 ",2243137,33,"$2,243,137.00",33.00%
61465,"$132,476 ","$176,357 ",43881,33.1,"$43,881.00",33.10%
62561,"$544,729 ","$724,887 ",180158,33.1,"$180,158.00",33.10%
60666,"$3,712,448 ","$4,944,487 ",1232039,33.2,"$1,232,039.00",33.20%
60504,"$5,796,868 ","$7,720,901 ",1924033,33.2,"$1,924,033.00",33.20%
60506,"$5,849,526 ","$7,798,626 ",1949100,33.3,"$1,949,100.00",33.30%
62422,"$130,669 ","$174,179 ",43510,33.3,"$43,510.00",33.30%
60552,"$574,923 ","$766,215 ",191292,33.3,"$191,292.00",33.30%
60625,"$10,656,853 ","$14,212,642 ",3555789,33.4,"$3,555,789.00",33.40%
62644,"$872,032 ","$1,165,147 ",293115,33.6,"$293,115.00",33.60%
61114,"$2,495,474 ","$3,337,334 ",841860,33.7,"$841,860.00",33.70%
60518,"$381,717 ","$510,912 ",129195,33.8,"$129,195.00",33.80%
60002,"$5,425,248 ","$7,261,420 ",1836172,33.8,"$1,836,172.00",33.80%
61727,"$1,676,977 ","$2,243,057 ",566080,33.8,"$566,080.00",33.80%
60423,"$5,448,157 ","$7,292,261 ",1844104,33.8,"$1,844,104.00",33.80%
60431,"$5,059,636 ","$6,777,947 ",1718311,34,"$1,718,311.00",34.00%
60053,"$8,497,617 ","$11,386,059 ",2888442,34,"$2,888,442.00",34.00%
62265,"$574,161 ","$769,166 ",195005,34,"$195,005.00",34.00%
61938,"$3,416,721 ","$4,580,730 ",1164009,34.1,"$1,164,009.00",34.10%
62837,"$1,411,280 ","$1,895,812 ",484532,34.3,"$484,532.00",34.30%
60950,"$1,887,690 ","$2,535,788 ",648098,34.3,"$648,098.00",34.30%
62820,"$63,406 ","$85,140 ",21734,34.3,"$21,734.00",34.30%
60476,"$1,039,527 ","$1,397,564 ",358037,34.4,"$358,037.00",34.40%
60551,"$578,638 ","$777,665 ",199027,34.4,"$199,027.00",34.40%
62550,"$265,552 ","$356,842 ",91290,34.4,"$91,290.00",34.40%
61753,"$253,365 ","$340,603 ",87238,34.4,"$87,238.00",34.40%
62012,"$418,777 ","$562,960 ",144183,34.4,"$144,183.00",34.40%
61008,"$6,075,138 ","$8,167,947 ",2092809,34.4,"$2,092,809.00",34.40%
61265,"$5,307,863 ","$7,133,811 ",1825948,34.4,"$1,825,948.00",34.40%
60540,"$3,003,985 ","$4,040,864 ",1036879,34.5,"$1,036,879.00",34.50%
62046,"$270,992 ","$364,472 ",93480,34.5,"$93,480.00",34.50%
60047,"$4,266,306 ","$5,738,996 ",1472690,34.5,"$1,472,690.00",34.50%
62959,"$3,110,209 ","$4,185,161 ",1074952,34.6,"$1,074,952.00",34.60%
61820,"$3,608,879 ","$4,859,926 ",1251047,34.7,"$1,251,047.00",34.70%
60446,"$7,726,039 ","$10,413,142 ",2687103,34.8,"$2,687,103.00",34.80%
60106,"$8,561,998 ","$11,539,142 ",2977144,34.8,"$2,977,144.00",34.80%
60468,"$1,047,051 ","$1,411,628 ",364577,34.8,"$364,577.00",34.80%
60103,"$4,754,341 ","$6,408,502 ",1654161,34.8,"$1,654,161.00",34.80%
61759,"$164,028 ","$221,298 ",57270,34.9,"$57,270.00",34.90%
60033,"$2,088,014 ","$2,816,693 ",728679,34.9,"$728,679.00",34.90%
62056,"$1,709,991 ","$2,307,545 ",597554,34.9,"$597,554.00",34.90%
60712,"$4,291,086 ","$5,797,637 ",1506551,35.1,"$1,506,551.00",35.10%
60516,"$2,290,370 ","$3,095,506 ",805136,35.2,"$805,136.00",35.20%
60195,"$1,597,893 ","$2,160,294 ",562401,35.2,"$562,401.00",35.20%
61554,"$5,981,755 ","$8,085,852 ",2104097,35.2,"$2,104,097.00",35.20%
60181,"$8,491,840 ","$11,499,136 ",3007296,35.4,"$3,007,296.00",35.40%
60010,"$1,491,831 ","$2,020,199 ",528368,35.4,"$528,368.00",35.40%
62827,"$118,275 ","$160,093 ",41818,35.4,"$41,818.00",35.40%
60048,"$2,796,788 ","$3,788,524 ",991736,35.5,"$991,736.00",35.50%
60554,"$1,419,184 ","$1,922,489 ",503305,35.5,"$503,305.00",35.50%
60035,"$3,515,757 ","$4,767,653 ",1251896,35.6,"$1,251,896.00",35.60%
61081,"$3,467,970 ","$4,703,534 ",1235564,35.6,"$1,235,564.00",35.60%
61242,"$287,435 ","$390,102 ",102667,35.7,"$102,667.00",35.70%
60655,"$5,698,925 ","$7,731,024 ",2032099,35.7,"$2,032,099.00",35.70%
62230,"$1,020,534 ","$1,385,772 ",365238,35.8,"$365,238.00",35.80%
61739,"$525,000 ","$712,776 ",187776,35.8,"$187,776.00",35.80%
61342,"$1,823,061 ","$2,475,946 ",652885,35.8,"$652,885.00",35.80%
60015,"$2,666,693 ","$3,624,008 ",957315,35.9,"$957,315.00",35.90%
62707,"$1,066,458 ","$1,449,657 ",383199,35.9,"$383,199.00",35.90%
60191,"$5,391,582 ","$7,331,738 ",1940156,36,"$1,940,156.00",36.00%
61054,"$791,756 ","$1,076,648 ",284892,36,"$284,892.00",36.00%
62565,"$1,130,792 ","$1,539,067 ",408275,36.1,"$408,275.00",36.10%
61373,"$592,147 ","$805,910 ",213763,36.1,"$213,763.00",36.10%
62010,"$1,379,189 ","$1,880,426 ",501237,36.3,"$501,237.00",36.30%
61910,"$583,402 ","$795,207 ",211805,36.3,"$211,805.00",36.30%
61571,"$1,411,117 ","$1,926,366 ",515249,36.5,"$515,249.00",36.50%
62298,"$1,753,834 ","$2,395,104 ",641270,36.6,"$641,270.00",36.60%
60467,"$1,557,105 ","$2,129,614 ",572509,36.8,"$572,509.00",36.80%
61883,"$582,474 ","$796,669 ",214195,36.8,"$214,195.00",36.80%
60177,"$4,166,272 ","$5,698,818 ",1532546,36.8,"$1,532,546.00",36.80%
60142,"$2,784,459 ","$3,811,015 ",1026556,36.9,"$1,026,556.00",36.90%
61874,"$1,216,208 ","$1,666,360 ",450152,37,"$450,152.00",37.00%
62002,"$4,361,649 ","$5,981,449 ",1619800,37.1,"$1,619,800.00",37.10%
62664,"$365,983 ","$501,849 ",135866,37.1,"$135,866.00",37.10%
61072,"$887,618 ","$1,217,799 ",330181,37.2,"$330,181.00",37.20%
60020,"$4,090,869 ","$5,611,159 ",1520290,37.2,"$1,520,290.00",37.20%
60139,"$5,761,008 ","$7,908,677 ",2147669,37.3,"$2,147,669.00",37.30%
62447,"$356,434 ","$489,718 ",133284,37.4,"$133,284.00",37.40%
62546,"$85,686 ","$117,857 ",32171,37.5,"$32,171.00",37.50%
60561,"$4,664,233 ","$6,419,234 ",1755001,37.6,"$1,755,001.00",37.60%
61264,"$2,109,934 ","$2,902,427 ",792493,37.6,"$792,493.00",37.60%
61802,"$2,617,164 ","$3,604,012 ",986848,37.7,"$986,848.00",37.70%
60008,"$3,797,221 ","$5,233,855 ",1436634,37.8,"$1,436,634.00",37.80%
60098,"$3,939,289 ","$5,432,579 ",1493290,37.9,"$1,493,290.00",37.90%
60545,"$1,603,765 ","$2,210,836 ",607071,37.9,"$607,071.00",37.90%
60527,"$4,502,522 ","$6,209,359 ",1706837,37.9,"$1,706,837.00",37.90%
61319,"$102,314 ","$141,180 ",38866,38,"$38,866.00",38.00%
60148,"$8,658,815 ","$11,955,414 ",3296599,38.1,"$3,296,599.00",38.10%
61853,"$1,459,891 ","$2,015,826 ",555935,38.1,"$555,935.00",38.10%
60543,"$4,603,634 ","$6,361,792 ",1758158,38.2,"$1,758,158.00",38.20%
60417,"$2,698,027 ","$3,729,057 ",1031030,38.2,"$1,031,030.00",38.20%
61108,"$7,074,288 ","$9,783,588 ",2709300,38.3,"$2,709,300.00",38.30%
60193,"$4,811,476 ","$6,657,870 ",1846394,38.4,"$1,846,394.00",38.40%
61605,"$1,195,348 ","$1,657,201 ",461853,38.6,"$461,853.00",38.60%
62888,"$128,370 ","$177,876 ",49506,38.6,"$49,506.00",38.60%
60110,"$4,101,682 ","$5,684,633 ",1582951,38.6,"$1,582,951.00",38.60%
61301,"$1,709,918 ","$2,373,162 ",663244,38.8,"$663,244.00",38.80%
61240,"$471,600 ","$654,743 ",183143,38.8,"$183,143.00",38.80%
61817,"$153,042 ","$212,589 ",59547,38.9,"$59,547.00",38.90%
60040,"$1,178,629 ","$1,637,857 ",459228,39,"$459,228.00",39.00%
61550,"$1,453,992 ","$2,022,921 ",568929,39.1,"$568,929.00",39.10%
62920,"$122,218 ","$170,138 ",47920,39.2,"$47,920.00",39.20%
62563,"$344,997 ","$480,739 ",135742,39.3,"$135,742.00",39.30%
61285,"$217,362 ","$302,746 ",85384,39.3,"$85,384.00",39.30%
60659,"$6,771,013 ","$9,436,479 ",2665466,39.4,"$2,665,466.00",39.40%
60439,"$2,904,857 ","$4,048,647 ",1143790,39.4,"$1,143,790.00",39.40%
61370,"$150,153 ","$209,474 ",59321,39.5,"$59,321.00",39.50%
60084,"$2,407,775 ","$3,360,824 ",953049,39.6,"$953,049.00",39.60%
61078,"$252,233 ","$352,066 ",99833,39.6,"$99,833.00",39.60%
62613,"$325,202 ","$454,246 ",129044,39.7,"$129,044.00",39.70%
62218,"$79,302 ","$111,100 ",31798,40.1,"$31,798.00",40.10%
61020,"$235,648 ","$330,240 ",94592,40.1,"$94,592.00",40.10%
60450,"$3,506,892 ","$4,917,076 ",1410184,40.2,"$1,410,184.00",40.20%
61048,"$295,620 ","$414,672 ",119052,40.3,"$119,052.00",40.30%
61839,"$63,931 ","$89,681 ",25750,40.3,"$25,750.00",40.30%
62932,"$141,414 ","$198,731 ",57317,40.5,"$57,317.00",40.50%
60401,"$719,897 ","$1,012,392 ",292495,40.6,"$292,495.00",40.60%
62548,"$228,855 ","$321,850 ",92995,40.6,"$92,995.00",40.60%
61232,"$207,346 ","$291,540 ",84194,40.6,"$84,194.00",40.60%
61028,"$135,982 ","$191,147 ",55165,40.6,"$55,165.00",40.60%
60189,"$494,959 ","$696,352 ",201393,40.7,"$201,393.00",40.70%
60487,"$367,134 ","$516,477 ",149343,40.7,"$149,343.00",40.70%
60074,"$6,312,390 ","$8,898,427 ",2586037,41,"$2,586,037.00",41.00%
62627,"$115,384 ","$162,717 ",47333,41,"$47,333.00",41.00%
62952,"$152,497 ","$215,432 ",62935,41.3,"$62,935.00",41.30%
60415,"$3,570,225 ","$5,049,766 ",1479541,41.4,"$1,479,541.00",41.40%
62665,"$330,287 ","$467,231 ",136944,41.5,"$136,944.00",41.50%
61849,"$251,291 ","$355,530 ",104239,41.5,"$104,239.00",41.50%
61920,"$1,826,175 ","$2,584,424 ",758249,41.5,"$758,249.00",41.50%
62549,"$859,136 ","$1,215,540 ",356404,41.5,"$356,404.00",41.50%
62951,"$557,616 ","$789,512 ",231896,41.6,"$231,896.00",41.60%
62674,"$76,336 ","$108,087 ",31751,41.6,"$31,751.00",41.60%
60921,"$198,474 ","$281,031 ",82557,41.6,"$82,557.00",41.60%
62692,"$230,957 ","$327,330 ",96373,41.7,"$96,373.00",41.70%
62025,"$2,952,782 ","$4,185,952 ",1233170,41.8,"$1,233,170.00",41.80%
62410,"$84,213 ","$119,445 ",35232,41.8,"$35,232.00",41.80%
61350,"$5,015,782 ","$7,116,640 ",2100858,41.9,"$2,100,858.00",41.90%
62992,"$154,344 ","$219,037 ",64693,41.9,"$64,693.00",41.90%
60416,"$2,220,637 ","$3,150,749 ",930112,41.9,"$930,112.00",41.90%
62693,"$410,028 ","$582,530 ",172502,42.1,"$172,502.00",42.10%
61761,"$4,112,845 ","$5,854,384 ",1741539,42.3,"$1,741,539.00",42.30%
62682,"$82,771 ","$117,902 ",35131,42.4,"$35,131.00",42.40%
60563,"$4,058,251 ","$5,791,361 ",1733110,42.7,"$1,733,110.00",42.70%
62088,"$759,847 ","$1,083,943 ",324096,42.7,"$324,096.00",42.70%
60070,"$3,476,045 ","$4,961,404 ",1485359,42.7,"$1,485,359.00",42.70%
61537,"$332,372 ","$474,473 ",142101,42.8,"$142,101.00",42.80%
61088,"$810,747 ","$1,158,948 ",348201,42.9,"$348,201.00",42.90%
62902,"$543,320 ","$776,467 ",233147,42.9,"$233,147.00",42.90%
60073,"$8,586,792 ","$12,277,710 ",3690918,43,"$3,690,918.00",43.00%
61364,"$4,016,457 ","$5,747,658 ",1731201,43.1,"$1,731,201.00",43.10%
61818,"$165,568 ","$236,925 ",71357,43.1,"$71,357.00",43.10%
61362,"$1,494,275 ","$2,138,516 ",644241,43.1,"$644,241.00",43.10%
62294,"$1,693,595 ","$2,424,821 ",731226,43.2,"$731,226.00",43.20%
62254,"$875,080 ","$1,253,894 ",378814,43.3,"$378,814.00",43.30%
60448,"$4,809,482 ","$6,897,712 ",2088230,43.4,"$2,088,230.00",43.40%
60152,"$1,362,971 ","$1,955,060 ",592089,43.4,"$592,089.00",43.40%
61442,"$51,270 ","$73,499 ",22229,43.4,"$22,229.00",43.40%
60424,"$431,913 ","$619,296 ",187383,43.4,"$187,383.00",43.40%
60178,"$3,610,558 ","$5,179,831 ",1569273,43.5,"$1,569,273.00",43.50%
62411,"$444,582 ","$638,363 ",193781,43.6,"$193,781.00",43.60%
61570,"$134,409 ","$192,991 ",58582,43.6,"$58,582.00",43.60%
60443,"$3,926,611 ","$5,640,822 ",1714211,43.7,"$1,714,211.00",43.70%
62838,"$209,240 ","$301,072 ",91832,43.9,"$91,832.00",43.90%
61517,"$185,327 ","$266,731 ",81404,43.9,"$81,404.00",43.90%
61353,"$130,285 ","$187,746 ",57461,44.1,"$57,461.00",44.10%
61704,"$4,348,701 ","$6,274,031 ",1925330,44.3,"$1,925,330.00",44.30%
60083,"$2,461,460 ","$3,554,305 ",1092845,44.4,"$1,092,845.00",44.40%
60558,"$489,678 ","$707,561 ",217883,44.5,"$217,883.00",44.50%
60564,"$2,645,337 ","$3,828,381 ",1183044,44.7,"$1,183,044.00",44.70%
61360,"$728,575 ","$1,054,026 ",325451,44.7,"$325,451.00",44.70%
61325,"$174,219 ","$252,488 ",78269,44.9,"$78,269.00",44.90%
62898,"$164,806 ","$238,876 ",74070,44.9,"$74,070.00",44.90%
61748,"$129,570 ","$187,834 ",58264,45,"$58,264.00",45.00%
61087,"$256,520 ","$372,362 ",115842,45.2,"$115,842.00",45.20%
60958,"$111,411 ","$161,771 ",50360,45.2,"$50,360.00",45.20%
60480,"$1,381,520 ","$2,007,500 ",625980,45.3,"$625,980.00",45.30%
60531,"$88,731 ","$128,946 ",40215,45.3,"$40,215.00",45.30%
61024,"$371,070 ","$539,279 ",168209,45.3,"$168,209.00",45.30%
61723,"$213,081 ","$309,899 ",96818,45.4,"$96,818.00",45.40%
60173,"$2,867,970 ","$4,172,266 ",1304296,45.5,"$1,304,296.00",45.50%
62420,"$612,730 ","$891,452 ",278722,45.5,"$278,722.00",45.50%
61341,"$1,080,236 ","$1,573,253 ",493017,45.6,"$493,017.00",45.60%
62690,"$597,142 ","$869,895 ",272753,45.7,"$272,753.00",45.70%
61529,"$189,364 ","$275,960 ",86596,45.7,"$86,596.00",45.70%
61377,"$545,010 ","$794,038 ",249028,45.7,"$249,028.00",45.70%
61443,"$2,350,047 ","$3,426,905 ",1076858,45.8,"$1,076,858.00",45.80%
61856,"$675,354 ","$984,982 ",309628,45.8,"$309,628.00",45.80%
60544,"$2,967,832 ","$4,335,530 ",1367698,46.1,"$1,367,698.00",46.10%
60185,"$3,975,682 ","$5,817,850 ",1842168,46.3,"$1,842,168.00",46.30%
60510,"$3,116,301 ","$4,560,090 ",1443789,46.3,"$1,443,789.00",46.30%
60457,"$4,177,542 ","$6,130,024 ",1952482,46.7,"$1,952,482.00",46.70%
62052,"$1,695,812 ","$2,487,201 ",791389,46.7,"$791,389.00",46.70%
62870,"$145,033 ","$212,775 ",67742,46.7,"$67,742.00",46.70%
62881,"$1,759,543 ","$2,583,872 ",824329,46.8,"$824,329.00",46.80%
62896,"$1,309,674 ","$1,927,852 ",618178,47.2,"$618,178.00",47.20%
61520,"$2,504,112 ","$3,686,935 ",1182823,47.2,"$1,182,823.00",47.20%
60420,"$1,191,325 ","$1,755,222 ",563897,47.3,"$563,897.00",47.30%
61279,"$56,535 ","$83,259 ",26724,47.3,"$26,724.00",47.30%
60585,"$1,501,568 ","$2,213,815 ",712247,47.4,"$712,247.00",47.40%
60113,"$150,303 ","$221,769 ",71466,47.5,"$71,466.00",47.50%
60042,"$1,622,456 ","$2,392,362 ",769906,47.5,"$769,906.00",47.50%
62454,"$1,090,793 ","$1,609,910 ",519117,47.6,"$519,117.00",47.60%
61822,"$1,040,139 ","$1,534,999 ",494860,47.6,"$494,860.00",47.60%
60046,"$3,947,767 ","$5,836,356 ",1888589,47.8,"$1,888,589.00",47.80%
62278,"$724,020 ","$1,070,179 ",346159,47.8,"$346,159.00",47.80%
61348,"$590,852 ","$874,213 ",283361,48,"$283,361.00",48.00%
62918,"$787,298 ","$1,165,932 ",378634,48.1,"$378,634.00",48.10%
61273,"$190,598 ","$282,730 ",92132,48.3,"$92,132.00",48.30%
61847,"$219,706 ","$326,034 ",106328,48.4,"$106,328.00",48.40%
61943,"$106,726 ","$158,396 ",51670,48.4,"$51,670.00",48.40%
61084,"$529,369 ","$785,510 ",256141,48.4,"$256,141.00",48.40%
61528,"$135,936 ","$201,805 ",65869,48.5,"$65,869.00",48.50%
61438,"$86,969 ","$129,235 ",42266,48.6,"$42,266.00",48.60%
60305,"$2,888,558 ","$4,294,598 ",1406040,48.7,"$1,406,040.00",48.70%
62924,"$484,953 ","$721,965 ",237012,48.9,"$237,012.00",48.90%
61752,"$608,973 ","$906,647 ",297674,48.9,"$297,674.00",48.90%
61726,"$356,291 ","$530,950 ",174659,49,"$174,659.00",49.00%
61870,"$69,029 ","$103,017 ",33988,49.2,"$33,988.00",49.20%
61410,"$615,363 ","$923,351 ",307988,50,"$307,988.00",50.00%
61561,"$186,439 ","$279,637 ",93198,50,"$93,198.00",50.00%
60022,"$281,976 ","$422,851 ",140875,50,"$140,875.00",50.00%
61440,"$97,041 ","$145,835 ",48794,50.3,"$48,794.00",50.30%
61434,"$500,296 ","$752,255 ",251959,50.4,"$251,959.00",50.40%
61531,"$456,297 ","$686,585 ",230288,50.5,"$230,288.00",50.50%
60474,"$171,082 ","$258,665 ",87583,51.2,"$87,583.00",51.20%
61473,"$93,023 ","$140,684 ",47661,51.2,"$47,661.00",51.20%
62668,"$113,650 ","$172,126 ",58476,51.5,"$58,476.00",51.50%
62245,"$193,482 ","$293,388 ",99906,51.6,"$99,906.00",51.60%
61367,"$242,962 ","$368,611 ",125649,51.7,"$125,649.00",51.70%
61115,"$2,145,596 ","$3,257,729 ",1112133,51.8,"$1,112,133.00",51.80%
60069,"$664,281 ","$1,009,005 ",344724,51.9,"$344,724.00",51.90%
60465,"$3,714,076 ","$5,662,067 ",1947991,52.4,"$1,947,991.00",52.40%
62684,"$476,807 ","$726,969 ",250162,52.5,"$250,162.00",52.50%
61053,"$233,244 ","$355,846 ",122602,52.6,"$122,602.00",52.60%
61546,"$478,383 ","$729,971 ",251588,52.6,"$251,588.00",52.60%
62285,"$312,148 ","$478,677 ",166529,53.3,"$166,529.00",53.30%
60124,"$570,455 ","$876,800 ",306345,53.7,"$306,345.00",53.70%
61880,"$378,531 ","$581,935 ",203404,53.7,"$203,404.00",53.70%
61073,"$2,673,693 ","$4,111,034 ",1437341,53.8,"$1,437,341.00",53.80%
61873,"$412,233 ","$634,176 ",221943,53.8,"$221,943.00",53.80%
60521,"$2,522,291 ","$3,882,125 ",1359834,53.9,"$1,359,834.00",53.90%
61741,"$107,760 ","$166,071 ",58311,54.1,"$58,311.00",54.10%
61834,"$598,742 ","$923,539 ",324797,54.2,"$324,797.00",54.20%
62048,"$481,551 ","$744,220 ",262669,54.5,"$262,669.00",54.50%
62349,"$68,538 ","$105,942 ",37404,54.6,"$37,404.00",54.60%
61559,"$317,530 ","$491,231 ",173701,54.7,"$173,701.00",54.70%
62612,"$62,834 ","$97,350 ",34516,54.9,"$34,516.00",54.90%
60108,"$4,815,692 ","$7,462,704 ",2647012,55,"$2,647,012.00",55.00%
61433,"$92,457 ","$143,294 ",50837,55,"$50,837.00",55.00%
61942,"$133,916 ","$207,852 ",73936,55.2,"$73,936.00",55.20%
61263,"$117,353 ","$182,226 ",64873,55.3,"$64,873.00",55.30%
62903,"$332,566 ","$516,929 ",184363,55.4,"$184,363.00",55.40%
61776,"$98,869 ","$153,748 ",54879,55.5,"$54,879.00",55.50%
62916,"$41,513 ","$64,560 ",23047,55.5,"$23,047.00",55.50%
60045,"$918,772 ","$1,432,808 ",514036,55.9,"$514,036.00",55.90%
61728,"$165,579 ","$258,196 ",92617,55.9,"$92,617.00",55.90%
62922,"$72,730 ","$113,598 ",40868,56.2,"$40,868.00",56.20%
60090,"$2,845,687 ","$4,447,911 ",1602224,56.3,"$1,602,224.00",56.30%
60021,"$904,951 ","$1,415,326 ",510375,56.4,"$510,375.00",56.40%
61568,"$240,780 ","$377,616 ",136836,56.8,"$136,836.00",56.80%
61542,"$373,329 ","$585,991 ",212662,57,"$212,662.00",57.00%
60953,"$94,382 ","$148,144 ",53762,57,"$53,762.00",57.00%
61734,"$187,041 ","$293,748 ",106707,57.1,"$106,707.00",57.10%
61833,"$559,181 ","$880,910 ",321729,57.5,"$321,729.00",57.50%
61019,"$323,245 ","$509,128 ",185883,57.5,"$185,883.00",57.50%
62466,"$89,500 ","$141,045 ",51545,57.6,"$51,545.00",57.60%
62573,"$198,522 ","$312,914 ",114392,57.6,"$114,392.00",57.60%
62465,"$64,728 ","$102,138 ",37410,57.8,"$37,410.00",57.80%
61051,"$212,703 ","$336,033 ",123330,58,"$123,330.00",58.00%
61912,"$153,973 ","$243,227 ",89254,58,"$89,254.00",58.00%
61063,"$467,571 ","$738,813 ",271242,58,"$271,242.00",58.00%
62094,"$60,355 ","$95,494 ",35139,58.2,"$35,139.00",58.20%
62501,"$94,961 ","$150,207 ",55246,58.2,"$55,246.00",58.20%
62535,"$368,631 ","$584,818 ",216187,58.6,"$216,187.00",58.60%
62933,"$121,109 ","$192,329 ",71220,58.8,"$71,220.00",58.80%
60145,"$187,352 ","$297,772 ",110420,58.9,"$110,420.00",58.90%
60938,"$501,370 ","$798,661 ",297291,59.3,"$297,291.00",59.30%
62849,"$106,039 ","$169,036 ",62997,59.4,"$62,997.00",59.40%
62615,"$417,571 ","$666,430 ",248859,59.6,"$248,859.00",59.60%
60140,"$1,365,952 ","$2,182,520 ",816568,59.8,"$816,568.00",59.80%
60026,"$344,686 ","$550,722 ",206036,59.8,"$206,036.00",59.80%
60928,"$90,574 ","$144,735 ",54161,59.8,"$54,161.00",59.80%
61773,"$50,230 ","$80,330 ",30100,59.9,"$30,100.00",59.90%
60491,"$4,685,169 ","$7,507,819 ",2822650,60.2,"$2,822,650.00",60.20%
61744,"$123,560 ","$198,113 ",74553,60.3,"$74,553.00",60.30%
62629,"$1,050,895 ","$1,687,911 ",637016,60.6,"$637,016.00",60.60%
62638,"$98,994 ","$159,078 ",60084,60.7,"$60,084.00",60.70%
62217,"$107,083 ","$172,521 ",65438,61.1,"$65,438.00",61.10%
61018,"$118,259 ","$191,213 ",72954,61.7,"$72,954.00",61.70%
60410,"$1,756,874 ","$2,846,106 ",1089232,62,"$1,089,232.00",62.00%
60093,"$901,035 ","$1,461,983 ",560948,62.3,"$560,948.00",62.30%
62642,"$120,192 ","$195,264 ",75072,62.5,"$75,072.00",62.50%
62997,"$78,729 ","$127,897 ",49168,62.5,"$49,168.00",62.50%
61065,"$774,432 ","$1,259,952 ",485520,62.7,"$485,520.00",62.70%
62468,"$191,977 ","$313,125 ",121148,63.1,"$121,148.00",63.10%
61525,"$431,886 ","$708,058 ",276172,63.9,"$276,172.00",63.90%
61013,"$269,590 ","$441,899 ",172309,63.9,"$172,309.00",63.90%
61488,"$95,670 ","$156,943 ",61273,64,"$61,273.00",64.00%
61469,"$247,716 ","$408,518 ",160802,64.9,"$160,802.00",64.90%
61272,"$138,768 ","$228,885 ",90117,64.9,"$90,117.00",64.90%
62281,"$77,005 ","$127,270 ",50265,65.3,"$50,265.00",65.30%
62969,"$144,115 ","$238,712 ",94597,65.6,"$94,597.00",65.60%
61261,"$100,962 ","$168,202 ",67240,66.6,"$67,240.00",66.60%
61534,"$100,411 ","$167,694 ",67283,67,"$67,283.00",67.00%
61491,"$170,408 ","$284,611 ",114203,67,"$114,203.00",67.00%
62051,"$59,434 ","$99,379 ",39945,67.2,"$39,945.00",67.20%
62016,"$467,703 ","$782,911 ",315208,67.4,"$315,208.00",67.40%
61733,"$52,759 ","$88,338 ",35579,67.4,"$35,579.00",67.40%
62426,"$127,361 ","$213,313 ",85952,67.5,"$85,952.00",67.50%
61314,"$74,236 ","$124,600 ",50364,67.8,"$50,364.00",67.80%
61777,"$193,797 ","$326,397 ",132600,68.4,"$132,600.00",68.40%
61060,"$175,799 ","$298,044 ",122245,69.5,"$122,245.00",69.50%
61745,"$414,840 ","$706,419 ",291579,70.3,"$291,579.00",70.30%
62711,"$627,119 ","$1,069,838 ",442719,70.6,"$442,719.00",70.60%
61329,"$179,541 ","$306,438 ",126897,70.7,"$126,897.00",70.70%
60034,"$170,477 ","$291,013 ",120536,70.7,"$120,536.00",70.70%
61854,"$102,917 ","$175,690 ",72773,70.7,"$72,773.00",70.70%
61376,"$181,508 ","$310,082 ",128574,70.8,"$128,574.00",70.80%
60442,"$741,747 ","$1,269,520 ",527773,71.2,"$527,773.00",71.20%
60941,"$273,041 ","$467,652 ",194611,71.3,"$194,611.00",71.30%
62871,"$235,541 ","$404,219 ",168678,71.6,"$168,678.00",71.60%
60403,"$1,532,845 ","$2,648,235 ",1115390,72.8,"$1,115,390.00",72.80%
61548,"$573,459 ","$993,624 ",420165,73.3,"$420,165.00",73.30%
61427,"$175,811 ","$305,147 ",129336,73.6,"$129,336.00",73.60%
61075,"$47,243 ","$82,413 ",35170,74.4,"$35,170.00",74.40%
61327,"$51,488 ","$90,443 ",38955,75.7,"$38,955.00",75.70%
62824,"$160,836 ","$282,949 ",122113,75.9,"$122,113.00",75.90%
60503,"$69,154 ","$121,866 ",52712,76.2,"$52,712.00",76.20%
61841,"$57,711 ","$101,774 ",44063,76.4,"$44,063.00",76.40%
60960,"$59,514 ","$105,929 ",46415,78,"$46,415.00",78.00%
61859,"$155,958 ","$278,204 ",122246,78.4,"$122,246.00",78.40%
61379,"$69,259 ","$124,470 ",55211,79.7,"$55,211.00",79.70%
61281,"$64,303 ","$116,628 ",52325,81.4,"$52,325.00",81.40%
62675,"$585,520 ","$1,064,654 ",479134,81.8,"$479,134.00",81.80%
62219,"$127,169 ","$232,412 ",105243,82.8,"$105,243.00",82.80%
61563,"$121,284 ","$222,394 ",101110,83.4,"$101,110.00",83.40%
62215,"$98,315 ","$180,400 ",82085,83.5,"$82,085.00",83.50%
61275,"$95,779 ","$175,833 ",80054,83.6,"$80,054.00",83.60%
60963,"$171,975 ","$316,263 ",144288,83.9,"$144,288.00",83.90%
61951,"$706,510 ","$1,310,874 ",604364,85.5,"$604,364.00",85.50%
61937,"$138,167 ","$257,276 ",119109,86.2,"$119,109.00",86.20%
60081,"$367,430 ","$687,114 ",319684,87,"$319,684.00",87.00%
62554,"$197,970 ","$371,341 ",173371,87.6,"$173,371.00",87.60%
60929,"$59,133 ","$111,192 ",52059,88,"$52,059.00",88.00%
62417,"$183,164 ","$345,390 ",162226,88.6,"$162,226.00",88.60%
61233,"$56,519 ","$106,628 ",50109,88.7,"$50,109.00",88.70%
60523,"$390,776 ","$738,003 ",347227,88.9,"$347,227.00",88.90%
60911,"$84,392 ","$160,098 ",75706,89.7,"$75,706.00",89.70%
62001,"$88,199 ","$168,894 ",80695,91.5,"$80,695.00",91.50%
61234,"$196,424 ","$376,370 ",179946,91.6,"$179,946.00",91.60%
61876,"$121,480 ","$233,120 ",111640,91.9,"$111,640.00",91.90%
61564,"$77,411 ","$150,903 ",73492,94.9,"$73,492.00",94.90%
62087,"$195,402 ","$381,206 ",185804,95.1,"$185,804.00",95.10%
60428,"$357,457 ","$700,157 ",342700,95.9,"$342,700.00",95.90%
61769,"$69,195 ","$136,021 ",66826,96.6,"$66,826.00",96.60%
61256,"$165,493 ","$325,625 ",160132,96.8,"$160,132.00",96.80%
62530,"$165,103 ","$331,577 ",166474,100.8,"$166,474.00",100.80%
61283,"$72,395 ","$145,481 ",73086,101,"$73,086.00",101.00%
62451,"$127,725 ","$257,814 ",130089,101.9,"$130,089.00",101.90%
60456,"$663,584 ","$1,356,005 ",692421,104.3,"$692,421.00",104.30%
62459,"$100,674 ","$206,199 ",105525,104.8,"$105,525.00",104.80%
61933,"$87,152 ","$178,604 ",91452,104.9,"$91,452.00",104.90%
62295,"$54,151 ","$111,075 ",56924,105.1,"$56,924.00",105.10%
60407,"$112,028 ","$229,879 ",117851,105.2,"$117,851.00",105.20%
62910,"$30,081 ","$62,523 ",32442,107.8,"$32,442.00",107.80%
60556,"$141,459 ","$300,698 ",159239,112.6,"$159,239.00",112.60%
61533,"$97,991 ","$209,096 ",111105,113.4,"$111,105.00",113.40%
62354,"$77,386 ","$166,635 ",89249,115.3,"$89,249.00",115.30%
62362,"$28,189 ","$60,954 ",32765,116.2,"$32,765.00",116.20%
60157,"$45,077 ","$97,492 ",52415,116.3,"$52,415.00",116.30%
62017,"$85,114 ","$189,718 ",104604,122.9,"$104,604.00",122.90%
62938,"$247,000 ","$551,380 ",304380,123.2,"$304,380.00",123.20%
62289,"$27,083 ","$61,548 ",34465,127.3,"$34,465.00",127.30%
62553,"$36,953 ","$85,274 ",48321,130.8,"$48,321.00",130.80%
61755,"$114,120 ","$263,668 ",149548,131,"$149,548.00",131.00%
62545,"$31,818 ","$73,586 ",41768,131.3,"$41,768.00",131.30%
62250,"$47,612 ","$110,506 ",62894,132.1,"$62,894.00",132.10%
61012,"$215,895 ","$511,714 ",295819,137,"$295,819.00",137.00%
60151,"$178,665 ","$432,315 ",253650,142,"$253,650.00",142.00%
61535,"$95,563 ","$234,172 ",138609,145,"$138,609.00",145.00%
61754,"$141,310 ","$347,195 ",205885,145.7,"$205,885.00",145.70%
61747,"$48,918 ","$121,734 ",72816,148.9,"$72,816.00",148.90%
62062,"$295,743 ","$797,669 ",501926,169.7,"$501,926.00",169.70%
61432,"$95,144 ","$258,984 ",163840,172.2,"$163,840.00",172.20%
61864,"$147,511 ","$405,856 ",258345,175.1,"$258,345.00",175.10%
62277,"$50,592 ","$146,169 ",95577,188.9,"$95,577.00",188.90%
62013,"$28,474 ","$87,804 ",59330,208.4,"$59,330.00",208.40%
61740,"$86,616 ","$273,399 ",186783,215.6,"$186,783.00",215.60%
61112,"$384,800 ","$1,249,697 ",864897,224.8,"$864,897.00",224.80%
62275,"$112,916 ","$372,250 ",259334,229.7,"$259,334.00",229.70%
60404,"$167,994 ","$577,119 ",409125,243.5,"$409,125.00",243.50%
60918,"$38,950 ","$139,014 ",100064,256.9,"$100,064.00",256.90%
62899,"$27,501 ","$104,567 ",77066,280.2,"$77,066.00",280.20%
62761,"$210,198 ","$836,226 ",626028,297.8,"$626,028.00",297.80%
60952,"$21,659 ","$98,653 ",76994,355.5,"$76,994.00",355.50%
62816,"$10,564 ","$77,051 ",66487,629.4,"$66,487.00",629.40%
60962,"$11,829 ","$119,259 ",107430,908.2,"$107,430.00",908.20%
60530,"$2,121 ","$45,037 ",42916,2023.4,"$42,916.00",2023.40%
61349,"$3,624 ","$78,868 ",75244,2076.3,"$75,244.00",2076.30%
62356,"$4,805 ","$138,514 ",133709,2782.7,"$133,709.00",2782.70%
61705,"$5,204 ","$153,074 ",147870,2841.5,"$147,870.00",2841.50%
61345,$768 ,"$128,501 ",127733,16631.9,"$127,733.00",16631.90%
60144,$99 ,"$124,436 ",124337,125592.9,"$124,337.00",125592.90%
61077,$1 ,"$6,352 ",6351,635100,"$6,351.00",635100.00%
60175,$0 ,"$311,138 ",311138,Not available,"$311,138.00",Not available
60075,$0 ,"$121,586 ",121586,Not available,"$121,586.00",Not available
62339,$0 ,"$129,324 ",129324,Not available,"$129,324.00",Not available
62418,$0 ,"$75,970 ",75970,Not available,"$75,970.00",Not available
62897,$0 ,"$21,402 ",21402,Not available,"$21,402.00",Not available
62935,$0 ,"$92,691 ",92691,Not available,"$92,691.00",Not available
62819,$0 ,"$41,992 ",41992,Not available,"$41,992.00",Not available
61572,$0 ,"$39,759 ",39759,Not available,"$39,759.00",Not available
62077,$0 ,$382 ,382,Not available,$382.00,Not available
61315,$0 ,"$11,009 ",11009,Not available,"$11,009.00",Not available
62547,$0 ,"$76,174 ",76174,Not available,"$76,174.00",Not available
61736,$0 ,"$85,597 ",85597,Not available,"$85,597.00",Not available
61335,$0 ,"$76,580 ",76580,Not available,"$76,580.00",Not available
60922,$0 ,"$67,419 ",67419,Not available,"$67,419.00",Not available
62982,$0 ,"$54,490 ",54490,Not available,"$54,490.00",Not available
62835,$0 ,"$39,476 ",39476,Not available,"$39,476.00",Not available
62421,$0 ,"$59,932 ",59932,Not available,"$59,932.00",Not available
62919,$0 ,"$3,801 ",3801,Not available,"$3,801.00",Not available
62019,$0 ,"$68,635 ",68635,Not available,"$68,635.00",Not available
62828,$0 ,"$62,219 ",62219,Not available,"$62,219.00",Not available
62268,$0 ,"$92,106 ",92106,Not available,"$92,106.00",Not available
62551,$0 ,"$35,443 ",35443,Not available,"$35,443.00",Not available
60470,$0 ,"$43,441 ",43441,Not available,"$43,441.00",Not available
61930,$0 ,"$28,271 ",28271,Not available,"$28,271.00",Not available
61015,$0 ,"$52,808 ",52808,Not available,"$52,808.00",Not available
61070,$0 ,"$12,047 ",12047,Not available,"$12,047.00",Not available
62954,$0 ,"$15,420 ",15420,Not available,"$15,420.00",Not available
61919,$0 ,"$41,413 ",41413,Not available,"$41,413.00",Not available
62661,$0 ,"$4,411 ",4411,Not available,"$4,411.00",Not available
61430,$0 ,"$20,159 ",20159,Not available,"$20,159.00",Not available
62987,$0 ,"$4,257 ",4257,Not available,"$4,257.00",Not available
62956,$0 ,"$6,643 ",6643,Not available,"$6,643.00",Not available
61539,$0 ,"$21,800 ",21800,Not available,"$21,800.00",Not available
61810,$0 ,"$16,094 ",16094,Not available,"$16,094.00",Not available
61925,$0 ,"$12,772 ",12772,Not available,"$12,772.00",Not available
